{"cameraMode":{"drawMode":0,"name":"Shaded","section":"Shading Mode"},"sceneLighting":true,"audioPlay":false,"sceneViewState":{"m_AlwaysRefresh":false,"showFog":true,"showSkybox":true,"showFlares":true,"showImageEffects":true,"showParticleSystems":true,"showVisualEffectGraphs":true,"m_FxEnabled":false},"in2DMode":false,"pivot":{"x":39.47962951660156,"y":14.525030136108399,"z":72.62039184570313},"rotation":{"x":-0.028218112885951997,"y":0.6435180902481079,"z":0.023766834288835527,"w":0.7645846009254456},"size":33.741615295410159,"orthographic":false}