{"cameraMode":{"drawMode":0,"name":"Shaded","section":"Shading Mode"},"sceneLighting":true,"audioPlay":false,"sceneViewState":{"m_AlwaysRefresh":false,"showFog":true,"showSkybox":true,"showFlares":true,"showImageEffects":true,"showParticleSystems":true,"showVisualEffectGraphs":true,"m_FxEnabled":false},"in2DMode":false,"pivot":{"x":4.144889831542969,"y":2.5777344703674318,"z":56.63673782348633},"rotation":{"x":-0.057832203805446628,"y":-0.8872332572937012,"z":0.11591021716594696,"w":-0.44278159737586977},"size":12.124356269836426,"orthographic":false}